"","fips","corr"
"1",17001,0.42
"2",17003,-0.25
"3",17005,-0.51
"4",17007,0.12
"5",17009,-0.29
"6",17011,-0.12
"7",17013,-0.63
"8",17015,0.09
"9",17017,-0.01
"10",17019,0.71
"11",17021,-0.54
"12",17023,-0.48
"13",17025,-0.03
"14",17027,-0.23
"15",17029,-0.62
"16",17031,-0.51
"17",17033,0.85
"18",17035,-0.79
"19",17037,0.4
"20",17039,-0.38
"21",17041,0.16
"22",17043,-0.17
"23",17045,0.07
"24",17047,0.64
"25",17049,-0.75
"26",17051,-0.76
"27",17053,-0.61
"28",17055,-0.4
"29",17057,0.28
"30",17059,-0.51
"31",17061,-0.43
"32",17063,-0.38
"33",17065,-0.08
"34",17067,0.12
"35",17069,-0.27
"36",17071,0.7
"37",17073,-0.5
"38",17075,-0.55
"39",17077,-0.46
"40",17079,-0.8
"41",17081,-0.57
"42",17083,-0.04
"43",17085,-0.23
"44",17087,-0.36
"45",17089,0.27
"46",17091,-0.29
"47",17093,-0.46
"48",17095,0.69
"49",17097,-0.67
"50",17099,-0.75
"51",17101,0.81
"52",17103,0.08
"53",17105,-0.71
"54",17107,0.09
"55",17109,0.44
"56",17111,0.31
"57",17113,-0.5
"58",17115,-0.48
"59",17117,0.27
"60",17119,-0.53
"61",17121,-0.49
"62",17123,-0.07
"63",17125,-0.45
"64",17127,0.1
"65",17129,-0.31
"66",17131,0.16
"67",17133,-0.13
"68",17135,-0.52
"69",17137,-0.47
"70",17139,-0.02
"71",17141,0.04
"72",17143,0.52
"73",17145,-0.26
"74",17147,0.16
"75",17149,0.08
"76",17151,0.04
"77",17153,-0.37
"78",17155,0.55
"79",17157,-0.55
"80",17159,-0.8
"81",17161,-0.22
"82",17163,-0.3
"83",17165,-0.41
"84",17167,-0.72
"85",17169,0.46
"86",17171,-0.05
"87",17173,-0.24
"88",17175,0.03
"89",17177,-1
"90",17179,-0.31
"91",17181,-0.35
"92",17183,-0.56
"93",17185,0.7
"94",17187,0.26
"95",17189,-0.49
"96",17191,0.47
"97",17193,-0.55
"98",17195,-0.35
"99",17197,-0.31
"100",17199,-0.42
"101",17201,0.09
"102",17203,0.11
"103",18001,-0.73
"104",18003,-0.75
"105",18005,-0.53
"106",18007,-0.65
"107",18009,-0.05
"108",18011,-0.81
"109",18013,-0.45
"110",18015,0.17
"111",18017,-0.66
"112",18019,-0.43
"113",18021,0.03
"114",18023,0.71
"115",18025,-1
"116",18027,-0.74
"117",18029,-0.44
"118",18031,-0.36
"119",18033,-1
"120",18035,0.44
"121",18037,-0.39
"122",18039,-0.66
"123",18041,-0.36
"124",18043,-0.48
"125",18045,-0.69
"126",18047,-0.64
"127",18049,-0.62
"128",18051,0.68
"129",18053,-0.68
"130",18055,-0.23
"131",18057,-0.7
"132",18059,0.5
"133",18061,1
"134",18063,-0.84
"135",18065,0.18
"136",18067,0.13
"137",18069,1
"138",18071,-0.63
"139",18073,-0.81
"140",18075,0.19
"141",18077,-0.42
"142",18079,-0.42
"143",18081,0.83
"144",18083,-0.75
"145",18085,-0.77
"146",18087,-0.79
"147",18089,-0.26
"148",18091,-0.66
"149",18093,-0.2
"150",18095,-0.15
"151",18097,0.41
"152",18099,0.59
"153",18101,-0.13
"154",18103,-0.81
"155",18105,-0.34
"156",18107,-0.67
"157",18109,0.13
"158",18111,0.07
"159",18113,-0.58
"160",18115,-0.29
"161",18117,-1
"162",18119,0.07
"163",18121,0.41
"164",18123,0.51
"165",18125,0.67
"166",18127,-0.47
"167",18129,-0.37
"168",18131,0.55
"169",18133,0.14
"170",18135,0.45
"171",18137,0.01
"172",18139,0.46
"173",18141,-0.52
"174",18143,-0.35
"175",18145,-0.49
"176",18147,0.35
"177",18149,-0.3
"178",18151,-0.85
"179",18153,0.4
"180",18155,-0.62
"181",18157,0.27
"182",18159,-0.74
"183",18161,-0.51
"184",18163,-0.27
"185",18165,0.42
"186",18167,0.21
"187",18169,-0.84
"188",18171,-0.33
"189",18173,-0.05
"190",18175,-0.37
"191",18177,-0.01
"192",18179,-0.3
"193",18181,-0.35
"194",18183,-0.72
"195",19001,-0.93
"196",19003,-0.42
"197",19005,0.4
"198",19007,0.49
"199",19009,-0.48
"200",19011,0.05
"201",19013,-0.04
"202",19015,-0.24
"203",19017,-0.22
"204",19019,0.1
"205",19021,-0.42
"206",19023,0.07
"207",19025,-0.67
"208",19027,-0.31
"209",19029,-0.75
"210",19031,0.07
"211",19033,-0.11
"212",19035,0.04
"213",19037,-0.44
"214",19039,-0.15
"215",19041,0.1
"216",19043,0.2
"217",19045,-0.27
"218",19047,-0.14
"219",19049,-0.2
"220",19051,-0.11
"221",19053,-0.52
"222",19055,0.07
"223",19057,0.13
"224",19059,0.41
"225",19061,0.17
"226",19063,-0.05
"227",19065,-0.37
"228",19067,-0.39
"229",19069,0.02
"230",19071,-0.64
"231",19073,-0.57
"232",19075,-0.03
"233",19077,-0.52
"234",19079,-0.32
"235",19081,-0.01
"236",19083,-0.57
"237",19085,-0.81
"238",19087,-0.09
"239",19089,0.01
"240",19091,-0.28
"241",19093,-0.85
"242",19095,0.5
"243",19097,0.11
"244",19099,0.48
"245",19101,0.13
"246",19103,-0.16
"247",19105,0.22
"248",19107,0.23
"249",19109,0.27
"250",19111,0.05
"251",19113,-0.01
"252",19115,0.09
"253",19117,-0.63
"254",19119,-0.39
"255",19121,-0.38
"256",19123,0.15
"257",19125,0.29
"258",19127,0
"259",19129,-0.76
"260",19131,-0.27
"261",19133,-1
"262",19135,-0.81
"263",19137,-0.29
"264",19139,-0.07
"265",19141,0.07
"266",19143,0.05
"267",19145,-0.56
"268",19147,0.3
"269",19149,-0.78
"270",19151,-0.26
"271",19153,0.06
"272",19155,-0.43
"273",19157,0.48
"274",19159,-0.96
"275",19161,-0.82
"276",19163,-0.04
"277",19165,-0.84
"278",19167,-0.39
"279",19169,0.04
"280",19171,0.18
"281",19173,-0.87
"282",19175,-0.51
"283",19177,0.09
"284",19179,-0.42
"285",19181,0.11
"286",19183,-0.33
"287",19185,-0.68
"288",19187,-0.56
"289",19189,0.49
"290",19191,-0.23
"291",19193,-0.74
"292",19195,-0.35
"293",19197,-0.37
"294",27001,0.26
"295",27003,0.01
"296",27005,0.74
"297",27007,-0.45
"298",27009,-0.8
"299",27011,-0.47
"300",27013,-0.14
"301",27015,-0.45
"302",27017,0.04
"303",27019,-0.41
"304",27021,-0.38
"305",27023,-0.65
"306",27025,-0.46
"307",27027,-0.63
"308",27029,-0.42
"309",27033,-0.25
"310",27035,0.49
"311",27037,0.35
"312",27039,0.09
"313",27041,-0.82
"314",27043,-0.01
"315",27045,0.31
"316",27047,-0.28
"317",27049,0.09
"318",27051,-0.69
"319",27053,0.53
"320",27055,0.38
"321",27057,0.58
"322",27059,0.46
"323",27061,0.67
"324",27063,-0.22
"325",27065,0.45
"326",27067,-0.83
"327",27069,-0.74
"328",27073,-0.5
"329",27077,NA
"330",27079,-0.2
"331",27081,-0.65
"332",27083,-0.7
"333",27085,-0.45
"334",27087,0.92
"335",27089,-0.75
"336",27091,-0.08
"337",27093,-0.82
"338",27095,0.73
"339",27097,-0.9
"340",27099,-0.25
"341",27101,-0.46
"342",27103,-0.27
"343",27105,-0.09
"344",27107,0.76
"345",27109,0.39
"346",27111,-0.75
"347",27113,-0.49
"348",27115,-0.22
"349",27117,-0.65
"350",27119,-0.88
"351",27121,-0.79
"352",27125,-0.89
"353",27127,-0.53
"354",27129,-0.55
"355",27131,0.35
"356",27133,-0.51
"357",27135,-0.08
"358",27137,1
"359",27139,-0.5
"360",27141,-0.22
"361",27143,0.02
"362",27145,-0.94
"363",27147,0.05
"364",27149,-0.47
"365",27151,-0.6
"366",27153,-0.75
"367",27155,-0.39
"368",27157,-0.32
"369",27159,-0.74
"370",27161,-0.08
"371",27163,-0.84
"372",27165,-0.15
"373",27167,-0.49
"374",27169,0.1
"375",27171,-0.89
"376",27173,-0.7
"377",29001,0.44
"378",29003,-0.08
"379",29005,-0.48
"380",29007,-0.73
"381",29009,-0.64
"382",29011,0.85
"383",29013,-0.8
"384",29015,-0.14
"385",29017,-0.26
"386",29019,-0.18
"387",29021,-0.25
"388",29023,-0.45
"389",29025,-0.4
"390",29027,0.21
"391",29029,-0.22
"392",29031,-0.25
"393",29033,-0.44
"394",29037,-0.75
"395",29039,0.46
"396",29041,-0.19
"397",29043,0.57
"398",29045,-0.09
"399",29047,-0.17
"400",29049,-0.25
"401",29051,-0.08
"402",29053,-0.8
"403",29055,NA
"404",29057,0.79
"405",29059,0.26
"406",29061,-0.82
"407",29063,0.84
"408",29069,-0.19
"409",29071,-0.25
"410",29073,-0.47
"411",29075,-0.71
"412",29077,0.59
"413",29079,-0.01
"414",29081,-0.82
"415",29083,-0.21
"416",29085,-0.26
"417",29087,-0.63
"418",29089,-0.56
"419",29095,-0.5
"420",29097,-0.69
"421",29099,-0.44
"422",29101,-0.51
"423",29103,-0.37
"424",29105,-0.7
"425",29107,-0.51
"426",29109,0.84
"427",29111,-0.33
"428",29113,0.01
"429",29115,-0.28
"430",29117,-0.57
"431",29119,0.65
"432",29121,0.31
"433",29123,-0.49
"434",29125,-0.5
"435",29127,0.02
"436",29129,-0.23
"437",29131,-0.2
"438",29133,0.43
"439",29135,-1
"440",29137,-0.18
"441",29139,0.67
"442",29141,-0.25
"443",29143,-0.03
"444",29145,0.77
"445",29147,-0.29
"446",29151,-0.45
"447",29155,-0.02
"448",29157,-0.69
"449",29159,-0.91
"450",29161,1
"451",29163,0.49
"452",29165,-0.33
"453",29167,0.61
"454",29169,-0.53
"455",29171,0.01
"456",29173,-0.3
"457",29175,0.05
"458",29177,0.16
"459",29181,-0.44
"460",29183,-0.5
"461",29185,-0.21
"462",29186,1
"463",29187,-0.69
"464",29189,-0.65
"465",29195,-0.64
"466",29197,0.02
"467",29199,0.34
"468",29201,-0.23
"469",29205,-0.7
"470",29207,-0.75
"471",29209,NA
"472",29211,0.2
"473",29213,NA
"474",29217,0.56
"475",29219,0.48
"476",29221,0.03
"477",29223,-0.19
"478",29225,0.63
"479",29227,-0.56
"480",39001,-0.13
"481",39003,-0.8
"482",39005,-0.26
"483",39007,-0.16
"484",39009,-1
"485",39011,-0.7
"486",39013,0.57
"487",39015,0.63
"488",39017,-0.36
"489",39019,-0.26
"490",39021,-0.68
"491",39023,-0.68
"492",39025,-0.35
"493",39027,-0.38
"494",39029,-0.61
"495",39031,0.1
"496",39033,-0.69
"497",39035,-1
"498",39037,-0.66
"499",39039,-0.7
"500",39041,0.1
"501",39043,-0.26
"502",39045,-0.19
"503",39047,0.39
"504",39049,0.83
"505",39051,-0.55
"506",39053,1
"507",39055,0.3
"508",39057,-0.01
"509",39059,0.01
"510",39061,0.22
"511",39063,-0.81
"512",39065,-0.69
"513",39067,-0.5
"514",39069,-0.58
"515",39071,0.4
"516",39073,-1
"517",39075,-0.41
"518",39077,-0.62
"519",39079,-1
"520",39081,-0.11
"521",39083,0.17
"522",39085,0.57
"523",39087,1
"524",39089,0.23
"525",39091,-0.4
"526",39093,-0.73
"527",39095,-0.89
"528",39097,-0.36
"529",39099,0.02
"530",39101,-0.7
"531",39103,-0.57
"532",39105,1
"533",39107,-0.84
"534",39109,0.23
"535",39113,0.33
"536",39115,-0.38
"537",39117,0.3
"538",39119,-0.3
"539",39123,0
"540",39125,-0.49
"541",39127,-0.13
"542",39129,-0.11
"543",39131,-0.69
"544",39133,0.74
"545",39135,0
"546",39137,0.71
"547",39139,0.37
"548",39141,-0.48
"549",39143,-0.21
"550",39145,-1
"551",39147,-0.4
"552",39149,-0.67
"553",39151,0.65
"554",39153,0.44
"555",39155,0.26
"556",39157,-0.29
"557",39159,-0.62
"558",39161,0.69
"559",39163,-1
"560",39165,-0.03
"561",39167,0.49
"562",39169,-0.58
"563",39171,-0.64
"564",39173,0.38
"565",39175,-0.74
"566",46003,-0.57
"567",46005,-0.26
"568",46007,-0.4
"569",46009,-0.64
"570",46011,-0.74
"571",46013,-0.05
"572",46015,-0.34
"573",46017,-0.21
"574",46019,-0.45
"575",46021,-0.34
"576",46023,-0.48
"577",46025,0.33
"578",46027,-0.62
"579",46029,0.51
"580",46031,-0.07
"581",46033,-0.37
"582",46035,-0.47
"583",46037,0.04
"584",46039,-0.42
"585",46041,-0.1
"586",46043,-0.51
"587",46045,-0.41
"588",46047,-0.44
"589",46049,-0.49
"590",46051,-0.5
"591",46053,-0.56
"592",46055,-0.3
"593",46057,0.14
"594",46059,-0.08
"595",46061,-0.54
"596",46063,-0.54
"597",46065,-0.58
"598",46067,-0.54
"599",46069,0.24
"600",46071,-0.38
"601",46073,-0.29
"602",46075,-0.18
"603",46077,-0.46
"604",46079,-0.84
"605",46081,-0.21
"606",46083,-0.47
"607",46085,0.05
"608",46087,-0.38
"609",46089,-0.47
"610",46091,-0.53
"611",46093,-0.19
"612",46095,-0.7
"613",46097,-0.64
"614",46099,-0.43
"615",46101,-0.92
"616",46102,0.89
"617",46103,0.07
"618",46105,-0.62
"619",46107,-0.28
"620",46109,-0.59
"621",46111,-0.88
"622",46115,-0.08
"623",46117,-0.37
"624",46119,-0.09
"625",46121,-0.56
"626",46123,-0.74
"627",46125,-0.65
"628",46127,-0.68
"629",46129,-0.46
"630",46135,-0.32
"631",46137,-0.25
"632",55001,0.28
"633",55003,-0.45
"634",55005,-0.26
"635",55007,-0.26
"636",55009,-0.15
"637",55011,0.06
"638",55013,-0.15
"639",55015,-0.52
"640",55017,0.22
"641",55019,-0.71
"642",55021,0.5
"643",55023,-0.1
"644",55025,0.44
"645",55027,0.05
"646",55029,0.06
"647",55033,0.38
"648",55035,0.11
"649",55037,0.25
"650",55039,0.18
"651",55041,0.61
"652",55043,0.13
"653",55045,0.47
"654",55047,0.41
"655",55049,-0.06
"656",55051,-1
"657",55053,0.19
"658",55055,0.04
"659",55057,0.53
"660",55059,-0.51
"661",55061,0.03
"662",55063,0.15
"663",55065,0.31
"664",55067,1
"665",55069,0.55
"666",55071,-0.08
"667",55073,-0.59
"668",55075,0.06
"669",55077,0.47
"670",55078,0.56
"671",55079,-0.42
"672",55081,0.19
"673",55083,0.32
"674",55085,1
"675",55087,-0.65
"676",55089,0.15
"677",55091,0.28
"678",55093,0.53
"679",55095,-0.16
"680",55097,-0.67
"681",55099,0.52
"682",55101,-0.28
"683",55103,-0.5
"684",55105,0.32
"685",55107,-0.16
"686",55109,0.5
"687",55111,0.15
"688",55113,-0.32
"689",55115,-0.13
"690",55117,0.16
"691",55119,-0.54
"692",55121,0.13
"693",55123,-0.14
"694",55125,NA
"695",55127,0.06
"696",55129,0.01
"697",55131,-0.06
"698",55133,-0.21
"699",55135,-0.31
"700",55137,-0.06
"701",55139,-0.07
"702",55141,-0.7
