county,region,fips
Adams,Central,17001
Alexander,Southern,17003
Bond,Southern,17005
Boone,Northern,17007
Brown,Central,17009
Bureau,Central,17011
Calhoun,Central,17013
Carroll,Northern,17015
Cass,Central,17017
Champaign,Central,17019
Christian,Central,17021
Clark,Central,17023
Clay,Southern,17025
Clinton,Southern,17027
Coles,Central,17029
Cook,Northern,17031
Crawford,Southern,17033
Cumberland,Southern,17035
DeKalb,Northern,17037
DeWitt,Central,17039
Douglas,Central,17041
DuPage,Northern,17043
Edgar,Central,17045
Edwards,Southern,17047
Effingham,Southern,17049
Fayette,Southern,17051
Ford,Central,17053
Franklin,Southern,17055
Fulton,Central,17057
Gallatin,Southern,17059
Greene,Central,17061
Grundy,Northern,17063
Hamilton,Southern,17065
Hancock,Central,17067
Hardin,Southern,17069
Henderson,Central,17071
Henry,Central,17073
Iroquois,Central,17075
Jackson,Southern,17077
Jasper,Southern,17079
Jefferson,Southern,17081
Jersey,Central,17083
Jo Daviess,Northern,17085
Johnson,Southern,17087
Kane,Northern,17089
Kankakee,Central,17091
Kendall,Northern,17093
Knox,Central,17095
Lake,Northern,17097
LaSalle,Northern,17099
Lawrence,Southern,17101
Lee,Northern,17103
Livingston,Central,17105
Logan,Central,17107
Macon,Central,17109
Macoupin,Central,17111
Madison,Southern,17113
Marion,Southern,17115
Marshall,Central,17117
Mason,Central,17119
Massac,Southern,17121
McDonough,Central,17123
McHenry,Northern,17125
McLean,Central,17127
Menard,Central,17129
Mercer,Central,17131
Monroe,Southern,17133
Montgomery,Central,17135
Morgan,Central,17137
Moultrie,Central,17139
Ogle,Northern,17141
Peoria,Central,17143
Perry,Southern,17145
Piatt,Central,17147
Pike,Central,17149
Pope,Southern,17151
Pulaski,Southern,17153
Putnam,Central,17155
Randolph,Southern,17157
Richland,Southern,17159
Rock Island,Central,17161
Saline,Southern,17163
Sangamon,Central,17165
Schuyler,Central,17167
Scott,Central,17169
Shelby,Central,17171
St. Clair,Southern,17173
Stark,Central,17175
Stephenson,Northern,17177
Tazewell,Central,17179
Union,Southern,17181
Vermilion,Central,17183
Wabash,Southern,17185
Warren,Central,17187
Washington,Southern,17189
Wayne,Southern,17191
White,Southern,17193
Whiteside,Northern,17195
Will,Northern,17197
Williamson,Southern,17199
Winnebago,Northern,17201
Woodford,Central,17203
